"Date","Flow","Flag","Tx","Tn","Rf","Sf","Sm","Pa"
2018-08-15,1.53999996185303,"",29.799999697455,18.1931033298887,0.349827589146022,0,NA,97.9575862068966
2018-08-16,1.45000004768372,"",29.1103450512064,17.7620687813594,7.69556208314567,0,NA,98.3362068965517
2018-08-17,1.46000003814697,"",26.2551722690977,20.068965583012,9.9309931459098,0,NA,97.9841379310345
2018-08-18,1.76999998092651,"",23.9931034219676,15.8379309095185,0.0342137931107447,0,NA,98.12
2018-08-19,2.04999995231628,"",25.0655172282252,13.6482758028754,0.51064138063069,0,NA,98.3613793103448
2018-08-20,1.87999999523163,"",25.4724136220998,14.9344827060042,1.17422413928755,0,NA,98.5186206896552
2018-08-21,2.03999996185303,"",23.3965514610554,18.0206898656385,35.1883414696003,0,NA,97.7537931034483
2018-08-22,4.05999994277954,"",20.0551726900298,14.2310344432962,0.181003447750519,0,NA,97.4541379310345
2018-08-23,4.51000022888184,"",25.8068962097168,12.3103447618156,0,0,NA,98.2031034482759
2018-08-24,3.88000011444092,"",26.3931032378098,13.8620689655172,0.141710344573547,0,NA,98.6441379310345
2018-08-25,2.99000000953674,"",24.0103449985899,17.4551722427894,9.2172517447636,0,NA,98.5741379310345
2018-08-26,2.55999994277954,"",26.937931060791,18.1137935375345,0.289217241108418,0,NA,98.2672413793103
2018-08-27,2.4300000667572,"",26.2000001710037,16.5034482890162,3.85766210227177,0,NA,98.2841379310345
2018-08-28,2.27999997138977,"",29.9172410636113,20.958620466035,1.03202414101568,0,NA,97.981724137931
2018-08-29,2.11999988555908,"",27.1310346537623,17.6034482758621,1.3357655138805,0,NA,97.8889655172414
2018-08-30,1.95000004768372,"",19.3172412740773,12.2137931626419,0.146399999743906,0,NA,98.7251724137931
2018-08-31,1.85000002384186,"",23.2000005656275,11.7793103250964,0.0696344827783519,0,NA,98.9624137931035
2018-09-01,1.75,"",27.5172415766223,12.7965517372921,0.879727585562344,0,NA,98.7358620689655
2018-09-02,1.67999994754791,"",28.4137930376776,20.6827591205465,0.209448274610371,0,NA,98.5420689655172
2018-09-03,1.61000001430511,"",29.1931039218245,18.9655173729206,0.216948276192978,0,NA,98.7558620689655
2018-09-04,1.54999995231628,"",27.948275862069,15.9172414253498,0,0,NA,99.1248275862069
2018-09-05,1.5,"",31.896551526826,19.7172416818553,1.27758276051488,0,NA,98.6620689655172
2018-09-06,1.48000001907349,"",24.5724142008814,15.5206896354412,0.0928241381871289,0,NA,98.8365517241379
2018-09-07,1.42999994754791,"",22.7448275335904,10.7413792774595,0,0,NA,99.0386206896552
2018-09-08,1.37999999523163,"",16.9862067781646,8.32758617401123,0,0,NA,99.1427586206896
2018-09-09,1.35000002384186,"",15.4137931363336,6.21379308042855,2.95890344011373,0,NA,99.0972413793103
2018-09-10,1.36000001430511,"",15.0068965451471,10.0275862134736,10.8465551836737,0,NA,98.5386206896552
2018-09-11,1.47000002861023,"",20.0275863121296,11.8793102132863,0.0311999997959055,0,NA,98.5537931034483
2018-09-12,1.55999994277954,"",23.517241445081,10.0793104171753,0,0,NA,99.0755172413793
2018-09-13,1.57000005245209,"",26.0344826270794,12.3689655106643,0,0,NA,99.1379310344827
2018-09-14,1.55999994277954,"",28.1344828112372,16.7034481969373,0.3698896549899,0,NA,98.8337931034483
2018-09-15,1.52999997138977,"",28.262069044442,17.3344823245344,0,0,NA,98.8396551724138
2018-09-16,1.48000001907349,"",28.9482757962983,16.4793102659028,0,0,NA,98.8755172413793
2018-09-17,1.44000005722046,"",27.7551725321803,17.4034477760052,0,0,NA,98.2631034482759
2018-09-18,1.39999997615814,"",24.9103447486614,14.8344827849289,0,0,NA,97.7662068965517
2018-09-19,1.36000001430511,"",20.1310346537623,10.6793103382505,0.0198827585012748,0,NA,98.3186206896552
2018-09-20,1.33000004291534,"",19.351724032698,10.6034484074034,2.29292411639773,0,NA,98.7348275862069
2018-09-21,1.44000005722046,"",30.4586203344937,12.9034482035144,8.5746310661579,0,NA,97.5906896551724
2018-09-22,1.51999998092651,"",15.586207028093,6.44137930047923,0,0,NA,98.8496551724138
2018-09-23,1.45000004768372,"",19.493103356197,3.62413789486063,0.0630206897340972,0,NA,99.0062068965517
2018-09-24,1.38999998569489,"",19.1344828112372,6.41034483087474,5.07775174338242,0,NA,99.3668965517241
2018-09-25,1.39999997615814,"",20.7379308897873,14.068965681668,4.64359657517795,0,NA,98.44
2018-09-26,1.46000003814697,"",21.2275862200507,10.3655173203041,0.197975861101315,0,NA,97.68
2018-09-27,1.50999999046326,"",17.3551722559436,5.59310337592816,0,0,NA,98.5996551724138
2018-09-28,1.5,"",20.517241445081,7.92413801982485,4.14281035291738,0,NA,98.2024137931034
2018-09-29,1.50999999046326,"",15.1517240918916,5.19999997369174,0.155327586007529,0,NA,98.8420689655172
2018-09-30,1.51999998092651,"",11.7103447749697,5.56206898853697,9.55988972762535,0,NA,99.1737931034483
2018-10-01,1.6599999666214,"",10.4482759607249,6.65172407544892,13.8989414346629,0,NA,99.2827586206896
2018-10-02,2.08999991416931,"",11.2896551263743,7.16206892605486,4.8857793150277,0,NA,98.3979310344828
2018-10-03,2.39000010490417,"",18.8034483810951,9.22413789814916,7.05419308563759,0,NA,98.4520689655172
2018-10-04,2.59999990463257,"",20.0827585417649,7.08620688010906,1.25661379715492,0,NA,97.8331034482758
2018-10-05,2.69000005722046,"",10.6379311002534,1.9344827388895,0.780662070060598,0,NA,98.9455172413793
2018-10-06,2.54999995231628,"",16.1482760001873,7.12068962228709,2.08687242968329,0,NA,98.3396551724138
2018-10-07,2.3199999332428,"",13.4448275401674,9.71034477496969,1.86515861955182,0,NA,98.9144827586207
2018-10-08,2.22000002861023,"",16.148275967302,8.26896547449046,3.26958275663442,0,NA,99.1720689655172
2018-10-09,2.40000009536743,"",27.0620688076677,12.6793103053652,5.58689652640244,0,NA,98.6572413793103
2018-10-10,3.00999999046326,"",26.1068966306489,16.3758618584995,0.558889653148322,0,NA,98.0362068965517
2018-10-11,2.64000010490417,"",21.2620689129007,9.84827590810842,0.280631036080163,0,NA,96.9724137931035
2018-10-12,2.22000002861023,"",9.53103466691642,4.26896562247441,1.81318275270791,0.0223793102556775,NA,97.4206896551724
2018-10-13,2,"",9.18275856149608,1.25862069273817,0.295348275324394,0,NA,97.7141379310345
2018-10-14,1.87000000476837,"",14.5827585088796,0.137931037308841,1.00016896066995,0,NA,98.4837931034483
2018-10-15,1.85000002384186,"",11.8137931494877,3.22413792281315,4.13666207214882,0,NA,97.7724137931035
2018-10-16,1.9099999666214,"",10.8689654120084,0.96206896983344,1.26211034223951,0,NA,98.2524137931034
2018-10-17,1.94000005722046,"",7.48620686037787,0.620689660310745,1.55546550093026,0.733710344495444,0.00476190447807312,97.8568965517241
2018-10-18,1.95000004768372,"",6.85517245325549,-2.306896563234,0.0428931033559914,0,0.0368421030671973,99.2927586206897
2018-10-19,1.9099999666214,"",14.3379310081745,2.36551722164812,1.30567931306773,0,NA,98.2148275862069
2018-10-20,1.87999999523163,"",11.2655172676876,2.74482759525036,0.295603447433176,0,NA,96.8944827586207
2018-10-21,1.80999994277954,"",4.56206892276632,-0.831034479470089,0.0461413793522736,0.0987344822236176,NA,98.3313793103448
2018-10-22,1.75999999046326,"",10.0827586404208,-0.0344827601621891,1.70137930738515,0,NA,98.3448275862069
2018-10-23,1.78999996185303,"",7.96206906746174,-1.02766628923087e-09,2.4596068900207,0,NA,98.0441379310345
2018-10-24,1.92999994754791,"",4.39310351733504,0.741379311372494,0.109855172192228,0.00984827589629025,NA,98.918275862069
2018-10-25,2.04999995231628,"",7.06551714601188,-1.06896551724138,0.0472034486331816,0,NA,98.8548275862069
2018-10-26,2,"",6.07931026919135,1.89999998026881,0.463348272545584,0.0226793103241201,NA,98.35
2018-10-27,1.92999994754791,"",6.01034483416327,0.434482761241239,2.51455517061825,4.99294137954712,0,97.8641379310345
2018-10-28,2.03999996185303,"",4.4551724236587,-0.0206896554807137,1.3847482821037,0.189444827622381,0,97.248275862069
2018-10-29,2.47000002861023,"",5.69999995724908,0.262068965825541,1.61874482960537,0.32204482781476,5.62413789486063,97.338275862069
2018-10-30,2.79999995231628,"",10.6965516846755,-2.97931033989479,13.3455551739397,0,5.67586204923432,98.3437931034483
2018-10-31,3.39000010490417,"",11.4517241510852,3.24137931034483,8.50647931263365,0,10.7999997138977,97.571724137931
2018-11-01,4.55999994277954,"",7.80344833176712,3.36551727919743,24.3913690632787,0,NA,97.8113793103448
2018-11-02,6.34999990463257,"",4.74137939255813,2.579310310298,3.81834135384395,0.113241379630977,0.300000011920929,97.1241379310345
2018-11-03,7.1100001335144,"",5.2965518030627,0.77931034410822,1.16429309598331,0.10513793047646,0.290000003576279,97.7003448275862
2018-11-04,7.51000022888184,"",7.16551718218573,-0.893103449509062,1.18228620907356,0,NA,99.5372413793103
2018-11-05,6.76999998092651,"",10.0896553828798,3.69655173400353,3.56673793135018,0,NA,98.5451724137931
2018-11-06,5.55999994277954,"",14.4137930047923,7.40000009536743,6.04316204991834,0,NA,97.0162068965517
2018-11-07,4.55999994277954,"",7.87931041059823,3.84137935474001,0.793265521526337,0.0289068965177084,NA,97.5631034482759
2018-11-08,3.90000009536743,"",5.95862074556022,0.762068969422373,0.426124138051066,0.0155034483699449,0.199999988079071,98.791724137931
2018-11-09,3.42000007629395,"",2.56896549257739,-1.19310345320866,4.36043448694821,2.87302067773095,0.996551713039135,98.6268965517241
2018-11-10,3.36999988555908,"",1.45517241954803,-3.98965517405806,0,3.18231724048483,0.0517241348480356,97.7444827586207
2018-11-11,3.42000007629395,"",2.10344826764074,-5.08965520201058,0.151237930974056,0.2806620669776,0,99.0362068965517
2018-11-12,3.26999998092651,"",4.96896551395285,-1.77241377994932,0.453255172433524,2.98055862558299,0.0310344809088214,99.0337931034483
2018-11-13,3.00999999046326,"",0.510344833906355,-5.29310341539054,0.0483999998661978,4.45628620016164,0,98.5437931034483
2018-11-14,2.85999989509583,"",-3.33793103283849,-9.63793103448276,0,0.499420687556267,0,99.4668965517241
2018-11-15,2.61999988555908,"",-0.213793107404791,-8.98620687682053,0,9.90792070586106,0,99.3031034482758
2018-11-16,2.64000010490417,"",2.24137928157017,-1.74482758291836,1.20701034007401,1.84290689024432,0,97.3013793103448
2018-11-17,2.90000009536743,"",1.93793101146303,-3.56206895565164,0.0441620690298491,0.623717242273791,0,98.3413793103448
2018-11-18,3.11999988555908,"",0.658620686109724,-6.46896554683817,0.465486205857376,0.490389654348637,0,98.9906896551724
2018-11-19,3.04999995231628,"",3,-3.80689652212735,0,1.19602758308937,0,98.3444827586207
2018-11-20,2.90000009536743,"",-0.1000000012332,-6.23793097200065,0,1.58648275095841,0,98.041724137931
2018-11-21,2.71000003814697,"ice_conditions",-0.93793103201636,-13.9586205975763,0,1.3027827575289,0,98.1462068965517
2018-11-22,2.71000003814697,"ice_conditions",-7.11034482100914,-17.72758615428,0,0,0,99.8213793103448
2018-11-23,2.59999990463257,"ice_conditions",1.07241380831291,-13.682758660152,0.071168966077525,0.108534482404076,0,99.2272413793103
2018-11-24,2.50999999046326,"ice_conditions",4.32068974396278,-3.09310346636279,3.31123793536219,0,4.05862068307811,97.6141379310345
2018-11-25,2.71000003814697,"",5.64482754674451,1.48620689737386,2.98133791726211,0.0644275865935046,13.244827599361,97.311724137931
2018-11-26,3.75999999046326,"",4.41034491308804,0.344827592886727,15.1880965068423,1.97715863688239,9.6448276536218,96.9068965517241
2018-11-27,6.46999979019165,"",1.04827587563416,-2.40344830217033,0.381827585142234,4.02906204092092,0.00689655131307142,96.4048275862069
2018-11-28,7.40999984741211,"",0.627586213679149,-3.14137929061363,0.041041379601791,0.843313788545543,9.6448276536218,96.9506896551724
2018-11-29,7.78000020980835,"",1.81034479881155,-1.82413789732703,0,0.0442724139911347,9.6448276536218,98.0096551724138
2018-11-30,6.84000015258789,"",1.07241381447891,-1.78620691546078,0.00307931036463585,0.0133793101774464,9.6448276536218,98.1710344827586
2018-12-01,5.42000007629395,"",2.72068965023962,-2.16206895482951,5.76887929850611,0.0303137930880847,9.6448276536218,98.5096551724138
2018-12-02,4.73000001907349,"",8.9965517109838,1.31034482142021,7.1295275852598,0.317189653885776,9.6448276536218,96.7348275862069
2018-12-03,5.44000005722046,"",4.38275857629447,-2.19655170933954,0.281924137010657,0.290375861628302,9.6448276536218,96.8255172413793
2018-12-04,5.80999994277954,"",-1.69310345731933,-7.83103454524073,0,0.107668965926458,9.6448276536218,98.3362068965517
2018-12-05,5.26999998092651,"ice_conditions",0.875862067115718,-8.72068980644489,0,0.683717244657977,9.6448276536218,98.23
2018-12-06,4.17999982833862,"ice_conditions",0.744827590112028,-5.76551721835959,0,1.78424138447334,9.6448276536218,98.0993103448276
2018-12-07,3.45000004768372,"ice_conditions",-5.91034488020272,-13.30689653857,0,3.53752070459826,9.6448276536218,99.2606896551724
2018-12-08,3.15000009536743,"ice_conditions",-1.48275860835766,-8.86551709010683,0,2.03081034380814,9.6448276536218,99.4451724137931
2018-12-09,2.89000010490417,"ice_conditions",-0.268965522020028,-6.02758622991628,0,0.223041380016968,9.6448276536218,99.1703448275862
2018-12-10,2.60999989509583,"",-0.096551726090497,-4.01724136286768,0.00601379309202833,0.0200551723868682,9.6448276536218,98.6879310344828
2018-12-11,2.54999995231628,"",-1.16206898360417,-4.13793098515478,0.0123999999547056,1.17479310159026,9.6448276536218,98.121724137931
2018-12-12,2.55999994277954,"",-0.38965517950469,-5.55862068307811,0,1.37753792466788,9.6448276536218,98.3820689655172
2018-12-13,2.52999997138977,"",0.479310349914534,-4.40344825284234,0.616234481334686,0.514258621067836,9.6448276536218,98.7006896551724
2018-12-14,2.61999988555908,"",3.28620690312879,-3.21379308864988,4.54971374314407,0.141348275388109,4.6413793070563,98.8227586206897
2018-12-15,3.24000000953674,"",3.08275858287154,-1.5655172611105,0.0978310340694312,0,0.0172413782826785,98.8258620689655
2018-12-16,3.53999996185303,"",2.68275862726672,-3.57931035962598,0.284737931757138,0,0,98.4020689655172
2018-12-17,3.44000005722046,"ice_conditions",1.63793105503608,-3.8482758505591,0,0.0278551724964175,0,97.5489655172414
2018-12-18,3.13000011444092,"ice_conditions",-2.72068965023962,-8.49310342196761,0,0,0,98.6413793103448
2018-12-19,2.80999994277954,"ice_conditions",5.55172417081636,-6.62068967161507,0,0,1.05517239817258,98.0934482758621
2018-12-20,2.55999994277954,"",4.85172427933792,-2.33103448358075,15.7150516838863,0,0.758620689655172,97.7537931034483
2018-12-21,3.74000000953674,"",4.04482753523465,-1.12413793185662,2.47247589045557,0,14.148275868646,95.9706896551724
2018-12-22,4.96000003814697,"",-2.38620688997466,-5.04827584891484,0,0.00784827587355314,0,96.8472413793103
2018-12-23,4.84000015258789,"",-0.817241376843946,-4.84137928074804,0.0571000003095331,1.16578620466693,0,98.3103448275862
2018-12-24,3.98000001907349,"",0.575862086024778,-3.9586207126749,0.0297034485586758,0.815689656241187,0,98.1131034482759
2018-12-25,3.27999997138977,"",-0.793103450331195,-6.82413793432301,0,0.245206895059553,0,99.0203448275862
2018-12-26,2.88000011444092,"ice_conditions",0.582758631171851,-8.32068964530682,0,0.234393101827852,0,99.3872413793104
2018-12-27,2.6800000667572,"ice_conditions",3.42413792939022,-11.9310345156439,6.45560685519514,0.0525275863193232,0.424137933500882,99.7248275862069
2018-12-28,2.70000004768372,"ice_conditions",9.69310339565935,-1.24137931034483,1.19749655805785,0.0241000000066284,8.71724136944475,97.4365517241379
2018-12-29,3.01999998092651,"ice_conditions",0.0310344801380717,-9.15862083435059,0,0.955451722802787,NA,98.3027586206897
2018-12-30,3.04999995231628,"ice_conditions",-0.0793103452386527,-8.82068972752012,0,0.413193100485308,0,98.4820689655172
2018-12-31,2.77999997138977,"ice_conditions",3.64137929061363,-5.69655176688885,12.8909378709464,0.394175861416192,3.70344824626528,98.3275862068966
2019-01-01,4.13000011444092,"ice_conditions",1.97241379474771,-8.27931039086704,1.17633448592548,0,1.35172411902197,97.6665517241379
2019-01-02,3.96000003814697,"ice_conditions",-2.94827585384764,-13.0827586404208,0,6.66427585996431,0,98.9220689655172
2019-01-03,3.4300000667572,"ice_conditions",-0.0413793112183439,-5.55517241050457,0.177362071542904,0.257910344878147,0,97.7675862068966
2019-01-04,3.0699999332428,"ice_conditions",5.26206894578605,-3.61034482923047,0.0812344825987158,0,1.38275858862647,97.3286206896552
2019-01-05,2.79999995231628,"ice_conditions",2.36896555177097,-3.60000000328853,0,0.0566482760397525,0,97.0937931034483
2019-01-06,2.60999989509583,"ice_conditions",1.56551723850184,-8.17931037113584,0.00497241379243547,0.0520724138437674,0,98.2279310344828
2019-01-07,2.47000002861023,"ice_conditions",3.23103448440289,-11.7172413530021,2.9994344793517,0.759320686603415,0.106896550490938,99.1848275862069
2019-01-08,2.51999998092651,"ice_conditions",5.58620681433842,-1.4000000049328,2.11563792310912,0.351844829731974,6.73793103777129,97.1034482758621
2019-01-09,2.86999988555908,"ice_conditions",0.951724138753168,-5.21034482429767,0.00332068965433101,0.901758625589568,0.175862063621653,97.0868965517242
2019-01-10,2.85999989509583,"ice_conditions",-6.74137931034483,-12.8827586338438,0,0.0551103449201789,0,98.0562068965517
2019-01-11,2.63000011444092,"ice_conditions",-9.46206891947779,-16.4310344827586,0,0.0648413795078623,0,99.2368965517241
2019-01-12,2.41000008583069,"ice_conditions",-6.38965522831884,-13.5103448341633,0,0.170303448007025,0,99.7827586206896
2019-01-13,2.23000001907349,"ice_conditions",-6.20344824626528,-15.2862069031288,0.0462793100882193,0.108562068949486,0,99.6965517241379
2019-01-14,2.08999991416931,"ice_conditions",-1.54137931198909,-13.6827585943814,0.409065516344432,0.185631034189257,0,99.081724137931
2019-01-15,1.98000001907349,"ice_conditions",-0.0448275876456294,-4.78620687024347,0.0235517240803817,0.942651723993236,0,98.4048275862069
2019-01-16,1.87999999523163,"ice_conditions",-1.0517241420417,-13.0517241708164,0,0.411658621039884,0,98.0393103448276
2019-01-17,1.80999994277954,"ice_conditions",-4.9551724236587,-17.1034482758621,0,1.73134481084758,0,99.0424137931034
2019-01-18,1.74000000953674,"ice_conditions",-0.955172407216039,-11.3172414056186,0,0.463537926303929,0,98.118275862069
2019-01-19,1.69000005722046,"ice_conditions",-12.403448367941,-17.4931034877382,0,4.09804136999722,0,98.9065517241379
2019-01-20,1.6599999666214,"ice_conditions",-15.148275868646,-21.4827584891484,1.23508621289812,0.279034480966371,0,97.7493103448276
2019-01-21,1.63999998569489,"ice_conditions",-13.4655172742646,-24.2517240458521,0.795096554632845,0.0136586208185502,0,99.0620689655172
2019-01-22,1.6599999666214,"ice_conditions",-1.19310345731933,-23.1000001183872,0.0692206896070776,6.63532069633747,0,99.7503448275862
2019-01-23,1.88999998569489,"ice_conditions",4.87931044348355,-5.06551726933183,5.36103102256512,2.0029724301963,14.5896554157652,97.6958620689655
2019-01-24,2.76999998092651,"ice_conditions",1.07241379238408,-5.07586202950313,0.148048277045118,1.23557931390302,0.844827575930234,96.7406896551724
2019-01-25,3.38000011444092,"ice_conditions",-3.7482758554919,-11.5172413793103,0,2.1226896417552,0,97.4431034482758
2019-01-26,3.22000002861023,"ice_conditions",-6.84137931363336,-15.5034482561309,0,5.83293791474967,0,98.3848275862069
2019-01-27,2.88000011444092,"ice_conditions",-6.44137928403657,-18.5206897998678,0.05434482737348,2.61955858921183,0,97.5551724137931
2019-01-28,2.55999994277954,"ice_conditions",-8.71379308042855,-22.700000105233,0.474479308416103,9.14986551219019,0,98.2965517241379
2019-01-29,2.39000010490417,"ice_conditions",-4.11379308536135,-16.3551723874848,0,0.975975859781791,0,97.001724137931
2019-01-30,2.22000002861023,"ice_conditions",-14.7275861213947,-22.0379312449488,0,1.54561724950527,0,97.4313793103448
2019-01-31,2.01999998092651,"ice_conditions",-12.9103446828908,-20.9103446171202,0.660410344600677,0.872068962146496,0,98.3337931034483
2019-02-01,1.92999994754791,"ice_conditions",-9.17931033825052,-20.6620690575961,0,0.0529896551422004,0,99.0841379310345
2019-02-02,2.03999996185303,"ice_conditions",-0.803448277557718,-16.9000000131541,0.0651724135567402,0.515255171163329,0,98.4037931034483
2019-02-03,2.64000010490417,"ice_conditions",6.32068967819214,-2.9000000049328,0.791031035883673,0,12.3793103407169,97.8703448275862
2019-02-04,4.78000020980835,"ice_conditions",10.2896553236863,2.38275863384378,5.01946897342287,0.00744482754440657,19.5241378997934,97.6931034482758
2019-02-05,10.6000003814697,"ice_conditions",4.60000002795252,-7.83448285069959,0.00894827591576453,0.241748276455649,2.09999997615814,97.978275862069
2019-02-06,9.48999977111816,"ice_conditions",-3.5896551526826,-8.84482755332158,1.49814827277743,0.801127585871466,0,98.3986206896552
2019-02-07,6.13000011444092,"ice_conditions",4.96551732359261,-5.48620692614851,0.281441380237711,0.168210346123268,0.613793099748677,98.1389655172414
2019-02-08,4.88000011444092,"ice_conditions",2.63103449755702,-9.16896550408725,0.0146448276615862,3.83792758810109,3.55517235295526,97.5406896551724
2019-02-09,4.03999996185303,"ice_conditions",-5.56896550079872,-11.165517412383,0,0.252400000033707,0,100.02
2019-02-10,3.72000002861023,"ice_conditions",-3.72413792281315,-10.0379311134075,0,3.636568990247,0,100.013448275862
2019-02-11,3.49000000953674,"ice_conditions",-4.05172413793103,-9.74137924457419,0,0.478093104115848,0,99.2551724137931
2019-02-12,3.22000002861023,"ice_conditions",-1.61379312235734,-11.2862069688994,1.35477586244715,10.1487654981942,0,98.2934482758621
2019-02-13,2.91000008583069,"ice_conditions",-0.91034482779174,-7.76206899511403,0.767327586124683,6.02910349286836,0,96.4
2019-02-14,2.72000002861023,"ice_conditions",0.741379314969326,-7.85172411491131,0.610541380684951,1.16587240531527,0,97.6362068965517
2019-02-15,2.48000001907349,"ice_conditions",2.61034480456648,-4.73103439396825,0.32186896431035,0.809217237193009,0,96.5062068965517
2019-02-16,2.30999994277954,"ice_conditions",-4.40689660762918,-12.5413793037678,0,0.0305206899306384,0,97.9272413793103
2019-02-17,2.19000005722046,"ice_conditions",-6.89310358310568,-17.4068965911865,0,3.09825518213469,0,98.4937931034483
2019-02-18,2.02999997138977,"ice_conditions",-6.2068964859535,-14.2344827323124,0,0.384648277841765,0,98.2341379310345
2019-02-19,1.9099999666214,"ice_conditions",-4.5,-19.8620689655172,0,0.0202482759246025,0,99.9193103448276
2019-02-20,1.82000005245209,"ice_conditions",0.517241383934843,-16.6862068833976,0.759086209124532,0.565148272391023,0,99.2775862068965
2019-02-21,1.75,"ice_conditions",2.36206899840256,-3.72758618716536,0.0171000001117073,0.116517241145002,0,97.7451724137931
2019-02-22,1.74000000953674,"ice_conditions",0.737931042395789,-6.42758621018508,0,0.0162206897190933,0,99.2993103448276
2019-02-23,1.76999998092651,"ice_conditions",2.45862068801091,-10.4413792840366,2.6221413694579,0.169317241372733,0,99.2734482758621
2019-02-24,2.01999998092651,"ice_conditions",5.58275852532222,-2.51379309029415,2.16277931065395,8.85244136021055,11.2517241445081,96.1641379310345
2019-02-25,2.64000010490417,"ice_conditions",-3.65517239735044,-8.78275848257131,0,2.79763448238373,0,97.181724137931
2019-02-26,4.11999988555908,"ice_conditions",-8.14827603307264,-14.3000000920789,0,0.309317240941113,0,99.4262068965517
2019-02-27,5.38000011444092,"ice_conditions",-10.9862068768205,-16.2896553565716,0,8.51139313599159,0,99.131724137931
2019-02-28,4.32999992370605,"ice_conditions",-6.07586204594579,-22.3379310739451,0,0,0,98.8186206896552
2019-03-01,3.33999991416931,"ice_conditions",-0.113793104887009,-16.3586208080423,0,0.218489655903701,0,98.8665517241379
2019-03-02,2.59999990463257,"ice_conditions",-1.69310346554066,-8.91034478154676,0,3.61675862608285,0,98.4544827586207
2019-03-03,2.16000008583069,"ice_conditions",-2.02068962721989,-11.8034481837832,0,0.343679311974295,0,98.4103448275862
2019-03-04,1.76999998092651,"ice_conditions",-7.83793110683047,-18.92068961571,0,0.0833896553978838,0,97.9655172413793
2019-03-05,1.57000005245209,"ice_conditions",-7.81724135629062,-16.6620691891374,0,1.4721103372245,0,97.8458620689655
2019-03-06,1.5,"ice_conditions",-9.22068960913296,-18.3551725190261,0,1.07688964440905,0,98.3562068965517
2019-03-07,1.49000000953674,"ice_conditions",-6.46896556328083,-17.017241445081,0,0,0,98.7772413793104
2019-03-08,1.47000002861023,"ice_conditions",-1.42413792733488,-17.0482759804561,0,0,0,98.9493103448276
2019-03-09,1.46000003814697,"ice_conditions",1.78965517981299,-15.6758620492343,3.91756897959216,0.310982755032079,0,98.9420689655173
2019-03-10,1.45000004768372,"ice_conditions",4.39310351733504,-1.02413792856808,2.34899998944381,0.661848273770563,1.92068963420802,97.1210344827586
2019-03-11,1.42999994754791,"ice_conditions",1.6068965730996,-2.45172413875317,0.36266206821491,0.304548277937133,0,98.0686206896552
2019-03-12,1.45000004768372,"ice_conditions",2.21034484074034,-5.32413803297898,0,0,0,98.9803448275862
2019-03-13,2.38000011444092,"ice_conditions",2.71379310509254,-4.51724132998236,2.21800343743686,0.0130344828398063,0,98.671724137931
2019-03-14,5.48999977111816,"ice_conditions",10.2689654251625,0.641379321443624,8.46821732356631,0,26.8310345616834,97.8510344827586
2019-03-15,16.5,"ice_conditions",7.98620694259117,0.599999994810285,1.6931344763986,0.905593099265263,21.1517241576622,96.8627586206896
2019-03-16,35.2000007629395,"ice_conditions",-0.375862076878548,-5.15172407544892,0,1.19203793591466,0,98.0206896551724
2019-03-17,29.5,"ice_conditions",0.413793107302024,-7.97586214131322,0.100186206657311,0.19806896535487,0,98.7727586206897
2019-03-18,15.8999996185303,"ice_conditions",1.77931031687506,-7.71724140233007,0,0.115758620716374,0,98.9058620689655
2019-03-19,11.5,"ice_conditions",4.37586208869671,-6.54827583247218,0,0.0239344829821895,0.013636362823573,99.2793103448276
2019-03-20,9.02999973297119,"ice_conditions",8.21724143521539,-3.24827588837722,1.4353586311998,0.01999999993834,1.98947365974125,98.8013793103448
2019-03-21,7.80999994277954,"ice_conditions",6.53793094898092,1.1068965730996,0.358451723538596,0.0816275861499638,1.84615386907871,97.9196551724138
2019-03-22,6.94999980926514,"ice_conditions",2.14827587275669,-3.91724134313649,0.181093103926757,0.0323965518639005,0,97.0848275862069
2019-03-23,6.19000005722046,"ice_conditions",2.5896551526826,-9.12413814150054,0,0,0,98.3393103448276
2019-03-24,5.34000015258789,"ice_conditions",8.50689641360579,-4.24137940900079,0,0.30948965456979,0.916666666666667,98.3289655172414
2019-03-25,4.55999994277954,"ice_conditions",1.68620691628292,-7.14482744808855,0,0.0203896552195837,0,98.7927586206897
2019-03-26,4.09000015258789,"ice_conditions",3.05517240228324,-7.72758622005068,0,0,0,99.3337931034483
2019-03-27,4.09000015258789,"ice_conditions",7.57241382270024,-6.62758608522086,0.233982758275394,0.0686310346013513,0.300000011920929,99.4386206896552
2019-03-28,4.07000017166138,"",10.4413791524953,-1.27586206279952,0.792306889747751,0,7.09999990463257,98.3141379310345
2019-03-29,4.84999990463257,"",8.85172390115672,0.0655172428694265,2.55237239599228,0.770779307546287,3.5,98.3641379310345
2019-03-30,6.76000022888184,"",3.05517238584058,-0.900000000822133,14.2149379335601,11.7329998674064,4.59310338826015,97.5996551724138
2019-03-31,8.51000022888184,"",0.706896557633219,-3.56896552546271,0.816134478511481,1.0414310262121,0,97.5475862068966
2019-04-01,9.64999961853027,"",2.289655167481,-8.31379308371708,0.0579068969035971,0.0523172417205983,0,98.8365517241379
2019-04-02,8.3100004196167,"",6.88965521187618,-1.58275864042085,0,0,5.47931028645614,98.5510344827586
2019-04-03,6.53000020980835,"",5.42068969792333,-0.71379310149571,0.00777931040120793,0.23489310361188,4.53103447782582,98.0258620689655
2019-04-04,5.96000003814697,"",3.40000002137546,-4.73448279808308,0.0104172413141049,0,0.0448275835349642,99.5255172413793
2019-04-05,5.46999979019165,"",3.50689653692574,-4.07241372404427,0.864944827967677,0.0737586205118689,0.0749999965940203,99.0651724137931
2019-04-06,4.76999998092651,"",10.3310344959127,1.24482759936103,0.00355172414605602,0,1.17916666219632,98.7503448275862
2019-04-07,5.30999994277954,"",13.3724137667952,3.17586203279166,3.35329656765379,0,11.6999998092651,98.6706896551724
2019-04-08,7.69999980926514,"",12.8206894973229,3.5827585993142,2.97947238231527,0,NA,97.3093103448276
2019-04-09,9.02000045776367,"",7.34827589166575,1.86896551888565,0.311651724165884,0.0172206896260895,NA,96.96
2019-04-10,8.77000045776367,"",6.97241380296904,-1.24482758908436,0,0,NA,97.9848275862069
2019-04-11,7.28999996185303,"",4.05862069129944,-3.51724137108901,0.323506895838113,0.0606965513835693,0,98.871724137931
2019-04-12,5.65999984741211,"",15.1586207356946,1.82413793021235,0.986351723301,0,NA,97.791724137931
2019-04-13,5.3600001335144,"",13.1999999736917,0.272413796648897,0.139251724270911,0,NA,98.051724137931
2019-04-14,5.57000017166138,"",3.26551725946624,-1.24137931034483,18.4633103732405,0.99480344303723,7.34705877304077,97.8441379310345
2019-04-15,7.94000005722046,"",6.79655175373472,-0.0827586219228547,0.171082758441054,0.0392448278465148,2.96896548928886,96.6151724137931
2019-04-16,9.3100004196167,"",9.68275846284011,-2.70689654350281,0.20562068963873,0,NA,98.2858620689655
2019-04-17,9.4399995803833,"",13.9482758949543,-2.58965514446127,1.22123103717278,0,NA,98.5265517241379
2019-04-18,7.90000009536743,"",18.6620692549081,6.29655170440674,12.9627275795772,0,NA,97.1993103448276
2019-04-19,10,"",9.85172406558333,4.4758621084279,21.17883787484,0,NA,96.9655172413793
2019-04-20,13.8000001907349,"",8.00689677534432,3.62758618387683,8.74877244028552,0,NA,97.2341379310345
2019-04-21,16.6000003814697,"",12.6172413990415,4.45172420041315,1.82477241754532,0,NA,97.9996551724138
2019-04-22,16.2999992370605,"",17.8000000263083,3.5137931314008,1.56984827025183,0,NA,98.8613793103448
2019-04-23,13,"",15.7551724335243,5.0517241543737,8.75172065866404,0,NA,97.7675862068966
2019-04-24,10.6000003814697,"",9.86896551066432,1.45172413669783,0.0185448276521317,0,NA,97.7765517241379
2019-04-25,8.85000038146973,"",16.0517242037017,-0.934482753276825,10.0289517435534,0,NA,97.851724137931
2019-04-26,8.73999977111816,"",12.0517241050457,3.76206894578605,11.6063723070868,0.876534481500757,NA,96.2410344827586
2019-04-27,9.28999996185303,"",6.0413792873251,-0.462068970861106,0.0827137931924442,0.0752551721344734,0.120689649006416,96.8179310344828
2019-04-28,9.72999954223633,"",8.78965515925966,-1.1034482717514,0.435896550273073,0,NA,98.2924137931034
2019-04-29,8.63000011444092,"",7.2448275664757,-3.27241377172799,1.42558275831157,0.348637929764287,0.0999999940395355,99.2879310344828
2019-04-30,6.73999977111816,"",11.1103448538945,1.74482757469703,6.3043758293678,0,0.199999988079071,99.0879310344828
2019-05-01,5.92000007629395,"",8.5931034416988,4.01724136286768,7.99467242997268,0,NA,98.8237931034483
2019-05-02,6.48999977111816,"",10.0275862134736,2.90344828572767,11.4588758205545,0,NA,98.5931034482759
2019-05-03,8.27000045776367,"",10.789655093489,4.95517245654402,3.11216208030438,0,NA,98.2793103448276
2019-05-04,9.39000034332275,"",12.0172414779663,4.48965514939407,0.129313793418736,0,NA,98.1079310344828
2019-05-05,9.73999977111816,"",18.5689654514707,1.55172413793103,0.0556448273489187,0,NA,97.8227586206897
2019-05-06,8.40999984741211,"",21.7793101606698,4.44137938269253,0.878406897701066,0,NA,97.9806896551724
2019-05-07,6.55999994277954,"",13.7034482955933,4.19999997369174,0.189203447309034,0,NA,98.6879310344828
2019-05-08,4.98999977111816,"",13.2827585812273,0.986206904053688,0,0,NA,99.3062068965517
2019-05-09,4.26999998092651,"",16.8862067913187,7.39655172413793,18.1051137858424,0,NA,98.2793103448276
2019-05-10,6.73999977111816,"",14.5413793037678,4.89655174880192,1.74686552327255,0,NA,97.7203448275862
2019-05-11,7.82000017166138,"",12.3482758423378,0.358620694742121,0.136182758828689,0,NA,98.5996551724138
2019-05-12,7.84000015258789,"",10.4689654975102,5.35172414779663,9.52263105326685,0,NA,98.1041379310345
2019-05-13,7.36999988555908,"",7.71034482429767,4.19655158601958,7.278448269285,0,NA,97.5058620689655
2019-05-14,7.61999988555908,"",14.299999894767,4.12413781264733,0.467389652441288,0,NA,97.7875862068965
2019-05-15,7.59000015258789,"",18.2448274678197,4.02758620525229,0.337224136138784,0,NA,97.7065517241379
2019-05-16,6.75,"",16.4586205975763,4.76206897867137,2.72313450122702,0,NA,97.8041379310345
2019-05-17,5.25,"",15.4724138194117,5.56551722822518,0,0,NA,97.3862068965517
2019-05-18,4.3899998664856,"",15.7482760528038,2.36896552710698,0.186172412901089,0,NA,98.2524137931034
2019-05-19,3.85999989509583,"",23.4413794155779,8.73103450906688,4.62338273278598,0,NA,97.62
2019-05-20,3.75,"",16.8896549487936,6.53793103119423,0.404758620364913,0,NA,97.35
2019-05-21,3.63000011444092,"",17.406896328104,4.23103441041091,0.0220896552541646,0,NA,98.46
2019-05-22,3.29999995231628,"",15.9586207291176,4.58965516912526,0.172403449128414,0,NA,98.878275862069
2019-05-23,3.08999991416931,"",22.1965516846755,8.56551722822518,3.60591378705255,0,NA,97.9058620689655
2019-05-24,3.45000004768372,"",20.3999998158422,9.65862080146526,1.73705861897304,0,NA,98.3479310344828
2019-05-25,3.50999999046326,"",19.993103356197,9.73793092267267,11.1217585596545,0,NA,98.1462068965517
2019-05-26,3.73000001907349,"",20.5551724927179,10.6103448538945,0.579117241604575,0,NA,97.9793103448276
2019-05-27,3.51999998092651,"",21.0931038034373,7.68965513952847,8.29338271042396,0,NA,98.3179310344828
2019-05-28,4.03000020980835,"",12.7999999605376,8.48965516583673,4.7610172732123,0,NA,97.5241379310345
2019-05-29,5.36999988555908,"",16.6896552381844,8.48275865357498,0.120562067576523,0,NA,97.4172413793104
2019-05-30,5.28999996185303,"",22.4551723743307,8.3655171887628,0,0,NA,97.2168965517241
2019-05-31,4.21000003814697,"",18.8310344959127,6.12758613454884,6.38120690707503,0,NA,97.5368965517241
2019-06-01,3.75,"",21.2827589758511,9.68620691628292,5.83684141882535,0,NA,97.3934482758621
2019-06-02,3.73000001907349,"",18.0000001315413,7.52413795734274,0.327141378460259,0,NA,97.2741379310345
2019-06-03,3.8199999332428,"",14.7896552250303,4.75517246640962,0.00878275860229443,0,NA,97.9541379310345
2019-06-04,3.42000007629395,"",14.7413793103448,3.70344827092927,4.57618969884412,0,NA,98.2724137931035
2019-06-05,3.86999988555908,"",18.7931035140465,9.03793117917817,12.5195137878944,0,NA,97.4306896551724
2019-06-06,5.23999977111816,"",22.8103444329624,10.9448276059381,0,0,NA,97.7058620689655
2019-06-07,5.17000007629395,"",24.7862064756196,8.41034468289079,0,0,NA,98.1779310344828
2019-06-08,4.01000022888184,"",24.5999998553046,10.5206896025559,0,0,NA,98.8031034482758
2019-06-09,3.0699999332428,"",26.1344827454666,11.5482758489148,2.23558965222589,0,NA,98.8641379310345
2019-06-10,2.94000005722046,"",18.8793102132863,12.4689655632808,16.127403325048,0,NA,98.0379310344828
2019-06-11,4.5,"",20.3827583707612,8.22068965846095,0.00169655173446919,0,NA,98.3124137931034
2019-06-12,4.67999982833862,"",22.1517240590063,6.57586201306047,2.7896413638674,0,NA,98.4858620689655
2019-06-13,3.95000004768372,"",16.1758626082848,11.5586206830781,10.9263585847,0,NA,97.2855172413793
2019-06-14,4.09000015258789,"",22.0241381546547,9.67931027247988,1.31339655662405,0,NA,97.4686206896552
2019-06-15,4,"",19.1655174781536,10.4724138194117,2.85693790994841,0,NA,97.6903448275862
2019-06-16,3.42000007629395,"",19.8034479207006,6.86206891618926,0.237131034248862,0,NA,97.8396551724138
2019-06-17,2.95000004768372,"",22.2000001710037,10.517241346425,0,0,NA,98.2210344827586
2019-06-18,2.57999992370605,"",24.7586208211965,13.5689657145533,0,0,NA,98.0548275862069
2019-06-19,2.30999994277954,"",24.4896551329514,12.6068967293049,0.435417241063611,0,NA,97.6068965517241
2019-06-20,2.1800000667572,"",21.8551717955491,15.2999999934229,11.0657932018412,0,NA,97.0137931034483
2019-06-21,2.4300000667572,"",21.9862069754765,12.2862068702435,0.0342758620992817,0,NA,97.6193103448276
2019-06-22,2.5,"",23.8655169256802,10.2413793761155,0,0,NA,98.4179310344827
2019-06-23,2.19000005722046,"",25.8379308766332,9.94482754016745,0,0,NA,98.41
2019-06-24,1.95000004768372,"",24.8137932481437,11.403448170629,14.3114931172338,0,NA,97.6427586206896
2019-06-25,2.48000001907349,"",24.227586351592,16.0620690707503,2.68254139505584,0,NA,97.3827586206897
2019-06-26,2.82999992370605,"",27.189655501267,15.4551722427894,0.922886209241275,0,NA,98.038275862069
2019-06-27,2.76999998092651,"",28.7689655567038,13.5724139049135,0,0,NA,98.6972413793103
2019-06-28,2.40000009536743,"",27.2896554223422,14.1793103382505,8.46140003204346,0,NA,98.7675862068966
2019-06-29,2.26999998092651,"",26.7896547646358,16.7689654251625,0.0672689652520007,0,NA,98.3137931034483
2019-06-30,2.15000009536743,"",23.0310346669164,13.6344827454666,0,0,NA,98.0686206896552
2019-07-01,1.97000002861023,"",27.3137930508318,10.92068961571,0.252817241282299,0,NA,98.191724137931
2019-07-02,1.78999996185303,"",26.1586212289744,16.8034481837832,0.153479309816813,0,NA,97.7372413793103
2019-07-03,1.66999995708466,"",29.0413794681944,15.1586207685799,0,0,NA,97.8927586206896
2019-07-04,1.58000004291534,"",30.3103448933568,14.1206897867137,0.0600931031693672,0,NA,98.3465517241379
2019-07-05,1.99000000953674,"",31.3448277177482,18.334482587617,17.707234547056,0,NA,98.3020689655173
2019-07-06,4.1100001335144,"",29.3999998816128,19.862068636664,0,0,NA,98.0475862068966
2019-07-07,4.67999982833862,"",24.9620690181338,13.7172413858874,0,0,NA,98.3634482758621
2019-07-08,4.3899998664856,"",25.6758622136609,10.5655172611105,0,0,NA,98.3762068965517
2019-07-09,3.48000001907349,"",27.4931034877382,11.2206896420183,0.00633793105050151,0,NA,98.5020689655173
2019-07-10,2.55999994277954,"",29.4551724401014,12.2310344104109,0.768010342943257,0,NA,98.2458620689655
2019-07-11,2.03999996185303,"",29.3379304820094,17.0689655172414,2.61857585249276,0,NA,97.5572413793103
2019-07-12,1.75,"",23.2275860227388,14.3655171887628,0.0157034483513442,0,NA,97.708275862069
2019-07-13,1.62000000476837,"",26.8172412083067,13.1275863647461,3.7662965347027,0,NA,97.9037931034483
2019-07-14,1.66999995708466,"",24.8931033693511,13.8034482824391,0,0,NA,98.3355172413793
2019-07-15,1.72000002861023,"",26.7896550277184,11.1413792906136,7.67770339702738,0,NA,98.5579310344827
2019-07-16,1.83000004291534,"",30.4620688208218,16.8310341670595,6.11895171527205,0,NA,98.1093103448276
2019-07-17,1.89999997615814,"",28.4413792182659,20.1000001841578,4.0034310406652,0,NA,97.8965517241379
2019-07-18,1.85000002384186,"",28.4103448144321,18.2931033825052,0.108586206646829,0,NA,98.0248275862069
2019-07-19,1.78999996185303,"",30.1448280729097,20.2931034482759,3.40864135479105,0,NA,97.6072413793104
2019-07-20,1.69000005722046,"",32.6172409057617,21.5655174255371,4.88551036242781,0,NA,97.6127586206896
2019-07-21,1.60000002384186,"",27.1896553697257,17.4068965911865,0.150389656167606,0,NA,97.7613793103448
2019-07-22,1.50999999046326,"",24.6000001183872,15.2896551592597,1.27284137956027,0,NA,97.8803448275862
2019-07-23,1.44000005722046,"",25.1793102395946,12.5586207488488,0.060286206739216,0,NA,97.9831034482759
2019-07-24,1.37000000476837,"",25.2241377337226,12.2379309884433,0,0,NA,98.3465517241379
2019-07-25,1.32000005245209,"",27.4482757305277,13.7517240129668,0.229996551984343,0,NA,98.6548275862069
2019-07-26,1.27999997138977,"",29.3103447618156,13.5862069623224,1.16399654643289,0,NA,98.9910344827586
2019-07-27,1.25,"",28.4344827717748,15.972413852297,2.26006206972846,0,NA,98.7934482758621
2019-07-28,1.22000002861023,"",28.7448276651317,18.017241445081,0.574386207194164,0,NA,98.24
2019-07-29,1.23000001907349,"",30.3689655435496,17.0206896683265,4.65905168960834,0,NA,97.9620689655172
2019-07-30,1.25,"",27.1103452485183,17.2241380625758,2.49228967058248,0,NA,97.9279310344828
2019-07-31,1.25,"",25.6137934059932,13.2827586469979,0,0,NA,98.4637931034483
2019-08-01,1.24000000953674,"",26.317241339848,10.7275861213947,0,0,NA,98.7844827586207
2019-08-02,1.22000002861023,"",27.265517004605,11.2931035140465,0,0,NA,98.7237931034483
2019-08-03,1.19000005722046,"",28.3758617269582,11.8000000920789,0.0872103444718081,0,NA,98.35
2019-08-04,1.1599999666214,"",25.7758616743417,13.4310345156439,0,0,NA,98.3062068965517
2019-08-05,1.12999999523163,"",28.8448276519775,10.8965516583673,0.536127587844586,0,NA,98.1427586206896
2019-08-06,1.14999997615814,"",25.0551726900298,16.4413794155779,5.40952758131356,0,NA,97.5037931034483
2019-08-07,1.23000001907349,"",26.8310341012889,15.6034482758621,1.6370379349281,0,NA,97.4962068965517
2019-08-08,1.28999996185303,"",24.6655173466123,13.9137930376776,5.81247245854345,0,NA,97.1441379310345
2019-08-09,1.33000004291534,"",24.6103450512064,13.0206896354412,0.938041378711832,0,NA,97.4462068965517
2019-08-10,1.33000004291534,"",23.3517239669274,11.7172412872314,0.8608172453683,0,NA,97.858275862069
2019-08-11,1.27999997138977,"",27.0482760462268,11.6551724466784,0.518465520492915,0,NA,98.2686206896552
2019-08-12,1.23000001907349,"",27.4724138194117,14.841379330076,0.369768966374726,0,NA,97.9351724137931
2019-08-13,1.22000002861023,"",27.7241384571996,14.6241380099593,0,0,NA,97.6141379310345
2019-08-14,1.19000005722046,"",24.2586202292607,13.1896551724138,0,0,NA,98.0513793103448
2019-08-15,1.1599999666214,"",24.3206895630935,10.8620690312879,0.975851724887716,0,NA,98.3231034482759
2019-08-16,1.14999997615814,"",26.2620689786714,12.9931034877382,3.10300344845344,0,NA,98.1796551724138
2019-08-17,1.32000005245209,"",25.6931033298887,15.8931034022364,12.0416379139341,0,NA,97.9941379310345
2019-08-18,1.52999997138977,"",27.389654883023,15.6137931100253,6.43404485439432,0,NA,98.0062068965517
2019-08-19,1.49000000953674,"",25.9827587522309,14.5793103185193,0.0246413792965227,0,NA,98.0441379310345
2019-08-20,1.38999998569489,"",27.7862067387022,10.9068965254159,5.11671726457004,0,NA,98.4562068965517
2019-08-21,1.30999994277954,"",28.7275866804452,18.1448278098271,1.32304828742455,0,NA,97.8006896551724
2019-08-22,1.25,"",22.7620686498182,12.5689655501267,0,0,NA,97.9462068965517
2019-08-23,1.21000003814697,"",21.6517245194008,9.84482748755093,0,0,NA,98.5748275862069
2019-08-24,1.17999994754791,"",22.5724141351108,8.65517251244907,0,0,NA,99.1379310344827
2019-08-25,1.13999998569489,"",24.1344828112372,9.45517230856008,0,0,NA,99.1975862068965
2019-08-26,1.12000000476837,"",24.5137929587529,12.4655172413793,0.615396553072436,0,NA,98.7948275862069
2019-08-27,1.12999999523163,"",21.4275861937424,16.1620688602842,7.50012070557167,0,NA,97.861724137931
2019-08-28,1.25,"",26.0275863121296,15.9068965583012,0.79570345118128,0,NA,97.5941379310345
2019-08-29,1.25,"",24.5137929587529,14.0758620952738,1.82843103902093,0,NA,97.8779310344828
2019-08-30,1.20000004768372,"",23.3379308108626,12.5413793366531,0.391944827704594,0,NA,97.9862068965517
2019-08-31,1.12999999523163,"",21.1896552381844,9.20344822982262,0.00648275864760167,0,NA,99.1106896551724
2019-09-01,1.12000000476837,"",21.4000001446954,10.0586207488488,2.73014482958563,0,NA,99.0479310344828
2019-09-02,1.1599999666214,"",22.4689655303955,12.7413793103448,2.31155172709761,0,NA,98.2651724137931
2019-09-03,1.24000000953674,"",21.1241382730418,9.88620688997466,6.16213795234417,0,NA,98.2568965517241
2019-09-04,1.35000002384186,"",19.8517242300099,11.5448275598986,0.29727931115134,0,NA,97.7279310344828
2019-09-05,1.35000002384186,"",22.2620688471301,6.64137927417097,0.845665515496813,0,NA,98.6289655172414
2019-09-06,1.33000004291534,"",19.7862067387022,9.09655186225628,3.22948621059286,0,NA,98.15
2019-09-07,1.33000004291534,"",21.017241445081,9.59655169782967,0.697624136661661,0,NA,97.8696551724138
2019-09-08,1.30999994277954,"",17.1172417607801,7.84827597387906,0.849255173370756,0,NA,98.4579310344828
2019-09-09,1.25,"",19.1379315606479,4.89999998026881,0,0,NA,99.1824137931034
2019-09-10,1.24000000953674,"",21.6758619505784,7.46206895236311,8.87689654580478,0,NA,98.9386206896552
2019-09-11,1.38999998569489,"",25.9275860622011,15.3862068899747,1.35877240526265,0,NA,98.5172413793103
2019-09-12,1.74000000953674,"",20.1689655698579,10.6620689918255,0.0782965514166602,0,NA,98.9203448275862
2019-09-13,1.70000004768372,"",19.9103447486614,9.67931037113584,7.04095869228758,0,NA,99.0096551724138
2019-09-14,1.66999995708466,"",21.3413789683375,11.7068965188388,0.0801482759416103,0,NA,98.4186206896552
2019-09-15,1.71000003814697,"",17.1448278098271,8.12413802640191,2.77912413251811,0,NA,98.7268965517241
2019-09-16,1.75,"",19.6482757699901,9.88965511322021,0.39693448409952,0,NA,98.62
2019-09-17,1.66999995708466,"",23.182758857464,8.45517244010136,0,0,NA,98.9093103448276
2019-09-18,1.52999997138977,"",23.1310343906797,9.53448279150601,1.2954344708344,0,NA,99.0934482758621
2019-09-19,1.41999995708466,"",23.3517241642393,10.982758653575,3.39271032810211,0,NA,99.0558620689655
2019-09-20,1.3400000333786,"",25.0862069623224,9.71034479141235,0.674693102466649,0,NA,98.8506896551724
2019-09-21,1.27999997138977,"",27.2931035140465,14.3551724532555,1.25013103978387,0,NA,98.79
2019-09-22,1.28999996185303,"",28.4827584891484,17.6965520135288,9.49821373512005,0,NA,98.2262068965517
2019-09-23,1.3400000333786,"",22.9689653330836,15.086206929437,0.918324135500809,0,NA,97.4241379310345
2019-09-24,1.33000004291534,"",19.2724135826374,9.62758623320481,0.0794103444907172,0,NA,97.781724137931
2019-09-25,1.30999994277954,"",25.3689651489258,8.59655169782967,2.2028586206765,0,NA,97.4927586206897
2019-09-26,1.30999994277954,"",19.506896643803,9.65172419054755,3.14405516920419,0,NA,97.3686206896552
2019-09-27,1.47000002861023,"partial",20.9827586206897,6.39310350089238,5.1462172639781,0,NA,98.1279310344828
2019-09-28,1.70000004768372,"",19.7862066729315,11.4034482363997,1.80355172321714,0,NA,98.0779310344828
2019-09-29,1.75,"",15.2689654909331,6.67241376021813,0.294175862752158,0,NA,99.45
2019-09-30,1.75999999046326,"",18.3689655435496,9.73103444329623,5.60404481558964,0,NA,98.9793103448276
2019-10-01,1.70000004768372,"",21.4379311265617,9.98620687682053,4.65970343556897,0,NA,97.9351724137931
2019-10-02,1.97000002861023,"",22.3448272573537,12.8206894644376,2.36259309998874,0,NA,98.0024137931034
2019-10-03,2.22000002861023,"",21.1241382730418,9.88620688997466,6.16213795234417,0,NA,98.3486206896552
2019-10-04,2.02999997138977,"",19.8517242300099,11.5448275598986,0.29727931115134,0,NA,98.9844827586207
2019-10-05,1.82000005245209,"",22.0724140693401,6.64137927417097,0.624068969282611,0,NA,99.4086206896552
2019-10-06,1.67999994754791,"",19.4758619768866,8.84137936296134,2.75056553709096,0,NA,98.188275862069
2019-10-07,1.58000004291534,"",20.551724137931,9.07586209527377,0.686613794030814,0,NA,98.398275862069
2019-10-08,1.50999999046326,"",17.1655175439243,6.62413792774595,0.225775862048412,0,NA,99.1586206896552
2019-10-09,1.44000005722046,"",18.9965517109838,4.81379308371708,0,0,NA,99.2920689655172
2019-10-10,1.39999997615814,"",21.6758619505784,7.46206895236311,8.87689654580478,0,NA,99.2486206896552
2019-10-11,1.37999999523163,"",25.8517238353861,15.3724137996805,1.07753103354882,0,NA,98.8455172413793
2019-10-12,1.4099999666214,"",19.9034481048584,10.6586207356946,0.0782965514166602,0,NA,97.9462068965517
2019-10-13,1.42999994754791,"",19.4413792182659,9.39310346800706,7.49926202872704,0,NA,97.9441379310345
2019-10-14,1.4099999666214,"",21.0931038034373,11.5517242037017,0.329520690030065,0,NA,97.8837931034483
2019-10-15,1.37999999523163,"",16.9103446828908,7.81034486047153,3.3060861825943,0,NA,98.3993103448276
2019-10-16,1.74000000953674,"",19.4586205975763,9.71724132011677,0.24208965383727,0,NA,96.8586206896552
2019-10-17,2.67000007629395,"",23.182758857464,8.45517244010136,0,0,NA,96.7165517241379
2019-10-18,2.78999996185303,"",23.0310344038338,9.57931038428997,0,0,NA,98.0155172413793
2019-10-19,2.33999991416931,"",23.2172413530021,10.6172413003856,3.39271032810211,0,NA,98.3303448275862
2019-10-20,2.01999998092651,"",24.9275862595131,9.59310357324008,0.00877241376016674,0,NA,97.8889655172414
2019-10-21,1.85000002384186,"",26.7448275335904,13.2999999934229,1.84744827911772,0,NA,98.3006896551724
2019-10-22,1.92999994754791,"",28.603448473174,17.7448278624436,10.8909620416575,0,NA,97.3010344827586
2019-10-23,2.25999999046326,"",22.8448278492895,15.3172413727333,0.947479301485522,0,NA,97.6155172413793
2019-10-24,2.26999998092651,"",19.2724135826374,9.62758623320481,0.0844724135922975,0,NA,98.481724137931
2019-10-25,2.04999995231628,"",25.4103444855789,8.59655169782967,2.2795724211068,0,NA,99.1020689655172
2019-10-26,1.89999997615814,"",19.2448275335904,9.7689654580478,3.37994484243722,0,NA,98.8786206896552
2019-10-27,3.08999991416931,"",20.8999997500716,5.98620690970585,5.87818274004706,0,NA,97.1713793103448
2019-10-28,4.40000009536743,"",19.4172411293819,10.6310344564504,1.77241379639198,0,NA,98.3924137931034
2019-10-29,4.30999994277954,"",14.9965517438691,6.32758622333921,0.370879309444592,0,NA,98.4324137931034
2019-10-30,3.46000003814697,"",18.4448274415115,9.53793111340753,5.60299998316272,0,NA,98.9344827586207
2019-10-31,4.67000007629395,"",9.47586200977194,4.46206896880577,21.1524620056152,2.00236895577661,NA,97.0986206896552
2019-11-01,6.69000005722046,"",4.04137927910377,0.0344827591345228,0.222179311359751,0.114589655579164,0.120689650034082,97.6548275862069
2019-11-02,7.44000005722046,"",5.76551733345821,-0.086206897836307,1.76386207136615,0.171679309729872,2.24482755825437,98.3568965517241
2019-11-03,6.90000009536743,"",5.62758620031949,-0.844827582096231,0.901655170424231,0.191193104817949,0.638888875643412,98.1972413793103
2019-11-04,5.09000015258789,"",10.5758623583563,-0.23448276776692,0.937520685894736,0.077562068942292,1.25217390060425,98.3020689655173
2019-11-05,3.6800000667572,"",7.88275869961443,1.48965516480906,0.0668034477737443,0.722524133221856,0,98.2568965517241
2019-11-06,3.07999992370605,"",3.81034482758621,-2.55517241050457,0.293168966112466,5.73080345679974,0,99.0427586206897
2019-11-07,2.78999996185303,"",0.955172417492702,-5.10344825941941,0.0999758626366484,0.254572414375585,0,98.741724137931
2019-11-08,2.66000008583069,"",-0.817241374788613,-8.57931041717529,0,0.136444828119771,0,99.0141379310345
2019-11-09,2.50999999046326,"",2.56206895565164,-6.22413789814916,0.105593102887787,0.00777241382105597,0,98.4555172413793
2019-11-10,2.39000010490417,"ice_conditions",5.93793107723368,-1.46206896263978,0.122065517666011,0.814234482830968,2.09999999095654,97.7551724137931
2019-11-11,2.32999992370605,"ice_conditions",-2.9103448473174,-7.32758620689655,0,9.90443107999604,0,98.6344827586207
2019-11-12,2.27999997138977,"ice_conditions",-6.24482751714772,-13.824137983651,0,3.56387240311195,0,98.461724137931
2019-11-13,2.25,"ice_conditions",-3.38620691463865,-18.9137931034483,0,4.21573105351678,0,99.1424137931034
2019-11-14,2.23000001907349,"ice_conditions",-0.365517248881274,-5.72758623649334,0.112837929920904,1.11815517524193,0,98.5934482758621
2019-11-15,2.21000003814697,"ice_conditions",2.02413787101877,-6.77586213473616,0,0.0349482757778003,0,98.5527586206897
2019-11-16,2.19000005722046,"ice_conditions",-3.59999997862454,-13.4137930047923,0,0,0,99.8824137931035
2019-11-17,2.1800000667572,"ice_conditions",1.61379313468933,-10.6344827783519,0.125582758465718,0.60947931018369,0,98.9934482758621
2019-11-18,2.22000002861023,"ice_conditions",1.83103446302743,-2.78620691135012,1.20037240920396,3.91188622343129,0,97.7265517241379
2019-11-19,2.41000008583069,"ice_conditions",2.61379311824667,-0.63448276807522,0.0180965516202409,0,0,97.5279310344827
2019-11-20,2.60999989509583,"ice_conditions",6.30344831532445,-1.23448276108709,0.00760689655575773,0.00760689655575773,1.24137928876384,98.3248275862069
2019-11-21,2.98000001907349,"ice_conditions",8.45862059757627,-2.83103450413408,4.59139657842702,0.0155103447814954,13.3999999473835,98.3896551724138
2019-11-22,4.01000022888184,"",6.03793103119423,-2.25172413628677,0.0628310345627111,0.16971379287284,0.951724125393506,97.4048275862069
2019-11-23,4.53000020980835,"",4.66206886028421,-4.33448273560096,0,0,0.073076918721199,97.7844827586207
2019-11-24,4.15999984741211,"",5.31724145494658,-5.53448277506335,0.058303448532162,0,0.376190476474308,96.6420689655172
2019-11-25,3.52999997138977,"",6.68965518885645,-0.98275862480032,0.461013798055978,0,NA,97.04
2019-11-26,3.26999998092651,"",9.7758620360802,0.413793113724939,0.582972412479335,0,NA,97.58
2019-11-27,3.4300000667572,"",7.58965511979728,1.64137930294563,9.01950349478886,0,NA,97.0655172413793
2019-11-28,4.19000005722046,"",2.89655173646993,-3.18965517241379,0.0546310345545925,0,NA,98.2637931034483
2019-11-29,4.34000015258789,"",-2.096551706051,-4.92413798693953,0,0,NA,99.3941379310345
2019-11-30,3.71000003814697,"",-1.59310346225212,-7.12758613454884,0.0295000000503556,0.0233862068953699,NA,98.7068965517241
2019-12-01,3.01999998092651,"ice_conditions",-3.44137931692189,-7.85172418068195,0.130520689204849,9.39388975603827,0,97.341724137931
2019-12-02,3.30999994277954,"ice_conditions",-1.32068966586014,-9.9758621084279,0.0167620688484147,1.10376552261155,0,97.3172413793103
2019-12-03,3.19000005722046,"ice_conditions",0.889655164603529,-14.7034482627079,0,1.96275861098849,0,97.3579310344828
2019-12-04,3.03999996185303,"ice_conditions",1.83448273971163,-2.17586204923432,0.00950344823750443,3.77821724168186,0,96.2051724137931
2019-12-05,2.78999996185303,"ice_conditions",-1.17586207800898,-4.52068965188388,0,6.8335620781471,0,97.3303448275862
2019-12-06,2.72000002861023,"ice_conditions",-1.54137930787843,-6.80344833176712,0.01704482759895,6.1204379180382,0,98.12
2019-12-07,2.73000001907349,"ice_conditions",-2.02068963544122,-11.4103447815468,0,0.0426068964960246,0,99.2355172413793
2019-12-08,2.75,"ice_conditions",5.05172408860305,-8.32758620689655,0.93738965535986,0,2.28620687949246,98.5955172413793
2019-12-09,2.94000005722046,"ice_conditions",7.88620697218796,2.29310345649719,6.3172069089166,0.0852344827405338,21.8896549487936,97.2968965517241
2019-12-10,4.23000001907349,"ice_conditions",5.62413790308196,-7.23793100488597,0.12568620720814,0.61941378897634,0,97.1524137931034
2019-12-11,6.05999994277954,"",-3.53793103119423,-9.64482757962983,0,3.27679999121304,0,98.6448275862069
2019-12-12,5.61999988555908,"ice_conditions",-0.489655176113392,-11.0551724598326,0,0.0852275858151502,0,99.8296551724138
2019-12-13,4.73999977111816,"ice_conditions",3.79310346471852,-3.93448276355349,1.59236551564315,0.111320689320564,0.00344827565653571,98.5693103448276
2019-12-14,3.94000005722046,"ice_conditions",1.67241380954611,-0.834482760264956,5.20126553239494,7.9709068824505,0.913793099337611,96.8086206896552
2019-12-15,4.03000020980835,"ice_conditions",-0.199999999897233,-6.28275859766993,0.0350827587575748,4.92732414706,0,97.2165517241379
